{"v":"5.7.13","fr":25,"ip":0,"op":26,"w":2000,"h":2000,"nm":"Loading Dot Only","ddd":0,"assets":[{"id":"comp_0","nm":"Loading Dots","layers":[{"ddd":0,"ind":1,"ty":4,"nm":"c5","sr":1,"ks":{"o":{"a":0,"k":100,"ix":11},"r":{"a":0,"k":0,"ix":10},"p":{"a":1,"k":[{"i":{"x":0.667,"y":1},"o":{"x":0.167,"y":0.167},"t":0,"s":[1687,1003,0],"to":[0,12.5,0],"ti":[0,12.5,0]},{"i":{"x":0.667,"y":1},"o":{"x":0.333,"y":0},"t":16.667,"s":[1687,1078,0],"to":[0,-12.5,0],"ti":[0,12.5,0]},{"i":{"x":0.667,"y":1},"o":{"x":0.333,"y":0},"t":20.833,"s":[1687,928,0],"to":[0,-12.5,0],"ti":[0,-12.5,0]},{"t":25,"s":[1687,1003,0]}],"ix":2,"l":2},"a":{"a":0,"k":[-687,2,0],"ix":1,"l":2},"s":{"a":0,"k":[100,100,100],"ix":6,"l":2}},"ao":0,"shapes":[{"ty":"gr","it":[{"d":1,"ty":"el","s":{"a":0,"k":[158,158],"ix":2},"p":{"a":0,"k":[0,0],"ix":3},"nm":"Ellipse Path 1","mn":"ADBE Vector Shape - Ellipse","hd":false},{"ty":"fl","c":{"a":0,"k":[0.988235294118,0.78431372549,0.090196078431,1],"ix":4},"o":{"a":0,"k":100,"ix":5},"r":1,"bm":0,"nm":"Fill 1","mn":"ADBE Vector Graphic - Fill","hd":false},{"ty":"tr","p":{"a":0,"k":[-687,3],"ix":2},"a":{"a":0,"k":[0,0],"ix":1},"s":{"a":0,"k":[96.104,96.104],"ix":3},"r":{"a":0,"k":0,"ix":6},"o":{"a":0,"k":100,"ix":7},"sk":{"a":0,"k":0,"ix":4},"sa":{"a":0,"k":0,"ix":5},"nm":"Transform"}],"nm":"Ellipse 1","np":3,"cix":2,"bm":0,"ix":1,"mn":"ADBE Vector Group","hd":false}],"ip":0,"op":25.8333333333333,"st":0,"bm":0},{"ddd":0,"ind":2,"ty":4,"nm":"c4","sr":1,"ks":{"o":{"a":0,"k":100,"ix":11},"r":{"a":0,"k":0,"ix":10},"p":{"a":1,"k":[{"i":{"x":0.667,"y":1},"o":{"x":0.167,"y":0.167},"t":0,"s":[1343,1003,0],"to":[0,12.5,0],"ti":[0,12.5,0]},{"i":{"x":0.667,"y":1},"o":{"x":0.333,"y":0},"t":14.167,"s":[1343,1078,0],"to":[0,-12.5,0],"ti":[0,12.5,0]},{"i":{"x":0.667,"y":1},"o":{"x":0.333,"y":0},"t":18.333,"s":[1343,928,0],"to":[0,-12.5,0],"ti":[0,-12.5,0]},{"t":22.5,"s":[1343,1003,0]}],"ix":2,"l":2},"a":{"a":0,"k":[-687,3,0],"ix":1,"l":2},"s":{"a":0,"k":[100,100,100],"ix":6,"l":2}},"ao":0,"shapes":[{"ty":"gr","it":[{"d":1,"ty":"el","s":{"a":0,"k":[158,158],"ix":2},"p":{"a":0,"k":[0,0],"ix":3},"nm":"Ellipse Path 1","mn":"ADBE Vector Shape - Ellipse","hd":false},{"ty":"fl","c":{"a":0,"k":[0.988235294118,0.78431372549,0.090196078431,1],"ix":4},"o":{"a":0,"k":100,"ix":5},"r":1,"bm":0,"nm":"Fill 1","mn":"ADBE Vector Graphic - Fill","hd":false},{"ty":"tr","p":{"a":0,"k":[-687,3],"ix":2},"a":{"a":0,"k":[0,0],"ix":1},"s":{"a":0,"k":[96.104,96.104],"ix":3},"r":{"a":0,"k":0,"ix":6},"o":{"a":0,"k":100,"ix":7},"sk":{"a":0,"k":0,"ix":4},"sa":{"a":0,"k":0,"ix":5},"nm":"Transform"}],"nm":"Ellipse 1","np":3,"cix":2,"bm":0,"ix":1,"mn":"ADBE Vector Group","hd":false}],"ip":0,"op":25.8333333333333,"st":0,"bm":0},{"ddd":0,"ind":3,"ty":4,"nm":"c3","sr":1,"ks":{"o":{"a":0,"k":100,"ix":11},"r":{"a":0,"k":0,"ix":10},"p":{"a":1,"k":[{"i":{"x":0.667,"y":1},"o":{"x":0.167,"y":0.167},"t":0,"s":[999,1003,0],"to":[0,12.5,0],"ti":[0,12.5,0]},{"i":{"x":0.667,"y":1},"o":{"x":0.333,"y":0},"t":11.667,"s":[999,1078,0],"to":[0,-12.5,0],"ti":[0,12.5,0]},{"i":{"x":0.667,"y":1},"o":{"x":0.333,"y":0},"t":15.833,"s":[999,928,0],"to":[0,-12.5,0],"ti":[0,-12.5,0]},{"t":20,"s":[999,1003,0]}],"ix":2,"l":2},"a":{"a":0,"k":[-687,3,0],"ix":1,"l":2},"s":{"a":0,"k":[100,100,100],"ix":6,"l":2}},"ao":0,"shapes":[{"ty":"gr","it":[{"d":1,"ty":"el","s":{"a":0,"k":[158,158],"ix":2},"p":{"a":0,"k":[0,0],"ix":3},"nm":"Ellipse Path 1","mn":"ADBE Vector Shape - Ellipse","hd":false},{"ty":"fl","c":{"a":0,"k":[0.988235294118,0.78431372549,0.090196078431,1],"ix":4},"o":{"a":0,"k":100,"ix":5},"r":1,"bm":0,"nm":"Fill 1","mn":"ADBE Vector Graphic - Fill","hd":false},{"ty":"tr","p":{"a":0,"k":[-687,3],"ix":2},"a":{"a":0,"k":[0,0],"ix":1},"s":{"a":0,"k":[96.104,96.104],"ix":3},"r":{"a":0,"k":0,"ix":6},"o":{"a":0,"k":100,"ix":7},"sk":{"a":0,"k":0,"ix":4},"sa":{"a":0,"k":0,"ix":5},"nm":"Transform"}],"nm":"Ellipse 1","np":3,"cix":2,"bm":0,"ix":1,"mn":"ADBE Vector Group","hd":false}],"ip":0,"op":25.8333333333333,"st":0,"bm":0},{"ddd":0,"ind":4,"ty":4,"nm":"c2","sr":1,"ks":{"o":{"a":0,"k":100,"ix":11},"r":{"a":0,"k":0,"ix":10},"p":{"a":1,"k":[{"i":{"x":0.667,"y":1},"o":{"x":0.167,"y":0.167},"t":0,"s":[657,1003,0],"to":[0,12.5,0],"ti":[0,12.5,0]},{"i":{"x":0.667,"y":1},"o":{"x":0.333,"y":0},"t":9.167,"s":[657,1078,0],"to":[0,-12.5,0],"ti":[0,12.5,0]},{"i":{"x":0.667,"y":1},"o":{"x":0.333,"y":0},"t":13.333,"s":[657,928,0],"to":[0,-12.5,0],"ti":[0,-12.5,0]},{"t":17.5,"s":[657,1003,0]}],"ix":2,"l":2},"a":{"a":0,"k":[-687,3,0],"ix":1,"l":2},"s":{"a":0,"k":[100,100,100],"ix":6,"l":2}},"ao":0,"shapes":[{"ty":"gr","it":[{"d":1,"ty":"el","s":{"a":0,"k":[158,158],"ix":2},"p":{"a":0,"k":[0,0],"ix":3},"nm":"Ellipse Path 1","mn":"ADBE Vector Shape - Ellipse","hd":false},{"ty":"fl","c":{"a":0,"k":[0.988235294118,0.78431372549,0.090196078431,1],"ix":4},"o":{"a":0,"k":100,"ix":5},"r":1,"bm":0,"nm":"Fill 1","mn":"ADBE Vector Graphic - Fill","hd":false},{"ty":"tr","p":{"a":0,"k":[-687,3],"ix":2},"a":{"a":0,"k":[0,0],"ix":1},"s":{"a":0,"k":[96.104,96.104],"ix":3},"r":{"a":0,"k":0,"ix":6},"o":{"a":0,"k":100,"ix":7},"sk":{"a":0,"k":0,"ix":4},"sa":{"a":0,"k":0,"ix":5},"nm":"Transform"}],"nm":"Ellipse 1","np":3,"cix":2,"bm":0,"ix":1,"mn":"ADBE Vector Group","hd":false}],"ip":0,"op":25.8333333333333,"st":0,"bm":0},{"ddd":0,"ind":5,"ty":4,"nm":"c1","sr":1,"ks":{"o":{"a":0,"k":100,"ix":11},"r":{"a":0,"k":0,"ix":10},"p":{"a":1,"k":[{"i":{"x":0.667,"y":1},"o":{"x":0.167,"y":0.167},"t":0,"s":[313,1003,0],"to":[0,12.5,0],"ti":[0,12.5,0]},{"i":{"x":0.667,"y":1},"o":{"x":0.333,"y":0},"t":6.667,"s":[313,1078,0],"to":[0,-12.5,0],"ti":[0,12.5,0]},{"i":{"x":0.667,"y":1},"o":{"x":0.333,"y":0},"t":10.833,"s":[313,928,0],"to":[0,-12.5,0],"ti":[0,-12.5,0]},{"t":15,"s":[313,1003,0]}],"ix":2,"l":2},"a":{"a":0,"k":[-687,3,0],"ix":1,"l":2},"s":{"a":0,"k":[100,100,100],"ix":6,"l":2}},"ao":0,"shapes":[{"ty":"gr","it":[{"d":1,"ty":"el","s":{"a":0,"k":[158,158],"ix":2},"p":{"a":0,"k":[0,0],"ix":3},"nm":"Ellipse Path 1","mn":"ADBE Vector Shape - Ellipse","hd":false},{"ty":"fl","c":{"a":0,"k":[0.988235294118,0.78431372549,0.090196078431,1],"ix":4},"o":{"a":0,"k":100,"ix":5},"r":1,"bm":0,"nm":"Fill 1","mn":"ADBE Vector Graphic - Fill","hd":false},{"ty":"tr","p":{"a":0,"k":[-687,3],"ix":2},"a":{"a":0,"k":[0,0],"ix":1},"s":{"a":0,"k":[96.104,96.104],"ix":3},"r":{"a":0,"k":0,"ix":6},"o":{"a":0,"k":100,"ix":7},"sk":{"a":0,"k":0,"ix":4},"sa":{"a":0,"k":0,"ix":5},"nm":"Transform"}],"nm":"Ellipse 1","np":3,"cix":2,"bm":0,"ix":1,"mn":"ADBE Vector Group","hd":false}],"ip":0,"op":25.8333333333333,"st":0,"bm":0}]}],"layers":[{"ddd":0,"ind":1,"ty":0,"nm":"Loading Dots","refId":"comp_0","sr":1,"ks":{"o":{"a":0,"k":100,"ix":11},"r":{"a":0,"k":0,"ix":10},"p":{"a":0,"k":[1000,1000,0],"ix":2,"l":2},"a":{"a":0,"k":[1000,1000,0],"ix":1,"l":2},"s":{"a":0,"k":[100,100,100],"ix":6,"l":2}},"ao":0,"w":2000,"h":2000,"ip":0,"op":25.8333333333333,"st":0,"bm":0}],"markers":[]}