{"v":"5.5.9","fr":60,"ip":44.9999971556076,"op":240,"w":2100,"h":1600,"nm":"Orderity_logo","ddd":0,"assets":[],"layers":[{"ddd":0,"ind":1,"ty":4,"nm":"Shape Layer 1","sr":1,"ks":{"o":{"a":0,"k":100,"ix":11},"r":{"a":0,"k":0,"ix":10},"p":{"a":0,"k":[1050,800,0],"ix":2},"a":{"a":0,"k":[0,0,0],"ix":1},"s":{"a":0,"k":[100,100,100],"ix":6}},"ao":0,"shapes":[{"ty":"gr","it":[{"ind":0,"ty":"sh","ix":1,"ks":{"a":0,"k":{"i":[[-13.878,-20.866],[91,205],[-73,-134],[-52.489,65.612],[16,-93]],"o":[[143,215],[-80.993,-182.456],[77.139,141.597],[192,-240],[-22.253,129.344]],"v":[[-178,-6],[153,-167],[-136,-94],[-6,-20],[298,-303]],"c":false},"ix":2},"nm":"Path 1","mn":"ADBE Vector Shape - Group","hd":false},{"ty":"tm","s":{"a":1,"k":[{"i":{"x":[0.667],"y":[1]},"o":{"x":[0.333],"y":[0]},"t":132,"s":[0]},{"t":173.999989001683,"s":[100]}],"ix":1},"e":{"a":1,"k":[{"i":{"x":[0.388],"y":[1]},"o":{"x":[0.401],"y":[0]},"t":110,"s":[0]},{"t":175.999988875265,"s":[100]}],"ix":2},"o":{"a":0,"k":0,"ix":3},"m":1,"ix":2,"nm":"Trim Paths 1","mn":"ADBE Vector Filter - Trim","hd":false},{"ty":"st","c":{"a":0,"k":[0.7294117647058823,0.3254901960784314,0.3411764705882353,1],"ix":3},"o":{"a":0,"k":100,"ix":4},"w":{"a":0,"k":10,"ix":5},"lc":2,"lj":1,"ml":4,"bm":0,"nm":"Stroke 1","mn":"ADBE Vector Graphic - Stroke","hd":false},{"ty":"tr","p":{"a":0,"k":[0,0],"ix":2},"a":{"a":0,"k":[0,0],"ix":1},"s":{"a":0,"k":[100,100],"ix":3},"r":{"a":0,"k":0,"ix":6},"o":{"a":0,"k":100,"ix":7},"sk":{"a":0,"k":0,"ix":4},"sa":{"a":0,"k":0,"ix":5},"nm":"Transform"}],"nm":"Shape 1","np":4,"cix":2,"bm":0,"ix":1,"mn":"ADBE Vector Group","hd":false},{"ty":"gr","it":[{"d":1,"ty":"el","s":{"a":0,"k":[366,366],"ix":2},"p":{"a":0,"k":[0,0],"ix":3},"nm":"Ellipse Path 1","mn":"ADBE Vector Shape - Ellipse","hd":false},{"ty":"tm","s":{"a":1,"k":[{"i":{"x":[0.667],"y":[1]},"o":{"x":[0.333],"y":[0]},"t":59,"s":[100]},{"t":104.999993363084,"s":[0]}],"ix":1},"e":{"a":1,"k":[{"i":{"x":[0.667],"y":[1]},"o":{"x":[0.333],"y":[0]},"t":87,"s":[100]},{"t":128.999991846075,"s":[0]}],"ix":2},"o":{"a":1,"k":[{"i":{"x":[0.667],"y":[0.795]},"o":{"x":[0.167],"y":[0]},"t":65,"s":[178.438]},{"i":{"x":[0.667],"y":[1]},"o":{"x":[0.333],"y":[0.995]},"t":111,"s":[-107.562]},{"t":377.999976107104,"s":[-450]}],"ix":3},"m":1,"ix":2,"nm":"Trim Paths 1","mn":"ADBE Vector Filter - Trim","hd":false},{"ty":"st","c":{"a":0,"k":[0.113724996529,0.113724996529,0.105881993911,1],"ix":3},"o":{"a":0,"k":100,"ix":4},"w":{"a":0,"k":10,"ix":5},"lc":1,"lj":1,"ml":4,"bm":0,"nm":"Stroke 1","mn":"ADBE Vector Graphic - Stroke","hd":false},{"ty":"tr","p":{"a":0,"k":[-15,-89],"ix":2},"a":{"a":0,"k":[0,0],"ix":1},"s":{"a":0,"k":[100,100],"ix":3},"r":{"a":0,"k":0,"ix":6},"o":{"a":0,"k":100,"ix":7},"sk":{"a":0,"k":0,"ix":4},"sa":{"a":0,"k":0,"ix":5},"nm":"Transform"}],"nm":"Ellipse 1","np":4,"cix":2,"bm":0,"ix":2,"mn":"ADBE Vector Group","hd":false}],"ip":58.9999962706855,"op":1095.99993072324,"st":0,"bm":0},{"ddd":0,"ind":2,"ty":4,"nm":"Check Outlines","sr":1,"ks":{"o":{"a":0,"k":100,"ix":11},"r":{"a":0,"k":0,"ix":10},"p":{"a":0,"k":[988.0000000000001,678,0],"ix":2},"a":{"a":0,"k":[89.195,199.754,0],"ix":1},"s":{"a":0,"k":[100,100,100],"ix":6}},"ao":0,"hasMask":true,"masksProperties":[{"inv":false,"mode":"s","pt":{"a":1,"k":[{"i":{"x":0.667,"y":1},"o":{"x":0.333,"y":0},"t":138,"s":[{"i":[[0,0],[0,0],[0,0],[0,0],[0,0]],"o":[[0,0],[0,0],[0,0],[0,0],[0,0]],"v":[[398.195,9.754],[10.195,150.254],[-3.242,197.332],[-46.106,203.149],[102.195,410.754]],"c":true}]},{"i":{"x":0.667,"y":1},"o":{"x":0.333,"y":0},"t":143.834,"s":[{"i":[[0,0],[0,0],[0,0],[0,0],[0,0]],"o":[[0,0],[0,0],[0,0],[0,0],[0,0]],"v":[[398.195,9.754],[94.195,260.754],[118.758,337.832],[67.394,336.649],[102.195,410.754]],"c":true}]},{"i":{"x":0.667,"y":1},"o":{"x":0.333,"y":0},"t":146.334,"s":[{"i":[[0,0],[0,0],[0,0],[0,0],[0,0]],"o":[[0,0],[0,0],[0,0],[0,0],[0,0]],"v":[[398.195,9.754],[94.195,260.754],[166.508,306.332],[105.394,388.649],[102.195,410.754]],"c":true}]},{"i":{"x":0.667,"y":1},"o":{"x":0.333,"y":0},"t":147.166,"s":[{"i":[[0,0],[0,0],[0,0],[0,0],[0,0]],"o":[[0,0],[0,0],[0,0],[0,0],[0,0]],"v":[[398.195,9.754],[94.195,260.754],[166.508,306.332],[105.394,388.649],[102.195,410.754]],"c":true}]},{"i":{"x":0.667,"y":1},"o":{"x":0.333,"y":0},"t":148,"s":[{"i":[[0,0],[0,0],[0,0],[0,0],[0,0]],"o":[[0,0],[0,0],[0,0],[0,0],[0,0]],"v":[[398.195,9.754],[94.195,260.754],[148.258,262.832],[150.394,329.649],[102.195,410.754]],"c":true}]},{"i":{"x":0.667,"y":1},"o":{"x":0.333,"y":0},"t":152.166,"s":[{"i":[[0,0],[0,0],[0,0],[0,0],[0,0]],"o":[[0,0],[0,0],[0,0],[0,0],[0,0]],"v":[[395.695,9.754],[94.44,260.318],[276.535,138.832],[124.509,353.789],[240.806,307.42]],"c":true}]},{"t":157.999990013022,"s":[{"i":[[0,0],[0,0],[0,0],[0,0],[0,0]],"o":[[0,0],[0,0],[0,0],[0,0],[0,0]],"v":[[393.695,9.754],[351.695,45.754],[388.758,18.832],[351.894,101.649],[351.695,224.754]],"c":true}]}],"ix":1},"o":{"a":0,"k":100,"ix":3},"x":{"a":0,"k":0,"ix":4},"nm":"Mask 2"},{"inv":false,"mode":"s","pt":{"a":1,"k":[{"i":{"x":0.667,"y":1},"o":{"x":0.333,"y":0},"t":162,"s":[{"i":[[0,0],[0,14.656],[44,0],[0,-32.372],[0,0]],"o":[[0,0],[-56.121,0],[0,37.5],[63.626,-41.372],[0,0]],"v":[[351.695,49.004],[351.816,10.098],[-77.805,9.754],[-77.931,172.626],[143.195,221.504]],"c":true}]},{"t":169.999989254517,"s":[{"i":[[0,0],[0,14.656],[44,0],[0,-32.372],[0,0]],"o":[[0,0],[-56.121,0],[0,37.5],[63.626,-41.372],[0,0]],"v":[[-64.805,48.848],[-64.684,9.942],[-77.805,9.754],[-77.931,172.626],[143.195,221.504]],"c":true}]}],"ix":1},"o":{"a":0,"k":100,"ix":3},"x":{"a":0,"k":0,"ix":4},"nm":"Mask 1"}],"shapes":[{"ty":"gr","it":[{"ind":0,"ty":"sh","ix":1,"ks":{"a":0,"k":{"i":[[7.18,-5.918],[0,0],[2.617,2.622],[11.868,7.669],[60.148,-81.225],[-73.265,-47.355],[-9.645,-10.005],[-2.383,-2.796],[0,0],[0,0],[0,0],[0,0],[-4.691,-8.034],[0,0],[0,0],[0,0],[-5.781,7.295],[0,0],[0,0],[0,0],[0,0]],"o":[[0,0],[-2.438,-2.749],[-9.576,-9.62],[-86.071,-55.633],[60.215,-58.031],[12.174,7.868],[2.568,2.663],[0,0],[0,0],[0,0],[0,0],[-7.826,-5.029],[0,0],[0,0],[0,0],[4.694,8.034],[0,0],[0,0],[0,0],[0,0],[5.778,-7.295]],"v":[[182.814,-156.156],[111.593,-97.42],[104.015,-105.486],[71.841,-131.531],[-180.241,-84.412],[39.643,-106.346],[72.395,-79.41],[79.822,-71.217],[49.171,-45.945],[-97.523,75.033],[-146.251,43.732],[-180.746,21.574],[-186.447,27.034],[-186.443,27.038],[-142.189,102.782],[-97.936,178.525],[-78.893,179.868],[53.232,13.104],[98.815,-44.423],[126.114,-78.881],[185.361,-153.658]],"c":true},"ix":2},"nm":"Path 1","mn":"ADBE Vector Shape - Group","hd":false},{"ty":"fl","c":{"a":0,"k":[0.7294117647058823,0.3254901960784314,0.3411764705882353,1],"ix":4},"o":{"a":0,"k":100,"ix":5},"r":1,"bm":0,"nm":"Fill 1","mn":"ADBE Vector Graphic - Fill","hd":false},{"ty":"tr","p":{"a":0,"k":[191.388,187.414],"ix":2},"a":{"a":0,"k":[0,0],"ix":1},"s":{"a":0,"k":[100,100],"ix":3},"r":{"a":0,"k":0,"ix":6},"o":{"a":0,"k":100,"ix":7},"sk":{"a":0,"k":0,"ix":4},"sa":{"a":0,"k":0,"ix":5},"nm":"Transform"}],"nm":"Group 1","np":2,"cix":2,"bm":0,"ix":1,"mn":"ADBE Vector Group","hd":false}],"ip":81.9999948168849,"op":1072.99993217704,"st":-22.9999985461994,"bm":0},{"ddd":0,"ind":3,"ty":4,"nm":"Front Outlines","sr":1,"ks":{"o":{"a":1,"k":[{"i":{"x":[0.574],"y":[1]},"o":{"x":[0.242],"y":[0]},"t":136,"s":[0]},{"t":145.999990771527,"s":[100]}],"ix":11},"r":{"a":1,"k":[{"i":{"x":[0.701],"y":[0.371]},"o":{"x":[0.371],"y":[0]},"t":134,"s":[513]},{"i":{"x":[0.59],"y":[0.972]},"o":{"x":[0.411],"y":[0.228]},"t":139,"s":[481.214]},{"t":158.999989949813,"s":[0]}],"ix":10},"p":{"s":true,"x":{"a":0,"k":1067,"ix":3},"y":{"a":0,"k":681,"ix":4}},"a":{"a":0,"k":[246.482,193.557,0],"ix":1},"s":{"a":1,"k":[{"i":{"x":[0.574,0.574,0.573],"y":[0.149,0.149,-17.252]},"o":{"x":[0.221,0.221,0.219],"y":[0,0,0]},"t":134,"s":[67,67,100]},{"i":{"x":[0.734,0.734,0.744],"y":[1,1,1]},"o":{"x":[0.296,0.296,0.3],"y":[0.326,0.326,51.166]},"t":139,"s":[71,71,100]},{"t":158.999989949813,"s":[100,100,100]}],"ix":6}},"ao":0,"hasMask":true,"masksProperties":[{"inv":false,"mode":"a","pt":{"a":1,"k":[{"i":{"x":0.667,"y":1},"o":{"x":0.167,"y":0.167},"t":139,"s":[{"i":[[110.498,0],[0,-111.807],[-110.498,0],[0,111.807]],"o":[[-110.498,0],[0,111.807],[110.498,0],[0,-111.807]],"v":[[233.207,-1.133],[33.133,201.31],[233.207,403.754],[433.28,201.31]],"c":true}]},{"t":163.99998963377,"s":[{"i":[[120.485,0],[0,-122.253],[-120.485,0],[0,122.253]],"o":[[-120.485,0],[0,122.253],[120.485,0],[0,-122.253]],"v":[[215.597,-6.029],[-2.56,215.33],[215.597,436.688],[433.754,215.33]],"c":true}]}],"ix":1},"o":{"a":0,"k":100,"ix":3},"x":{"a":0,"k":0,"ix":4},"nm":"Mask 1"}],"shapes":[{"ty":"gr","it":[{"ind":0,"ty":"sh","ix":1,"ks":{"a":0,"k":{"i":[[0,113.438],[-90.78,21.264],[0,-114.264],[-118.932,0],[-38.924,38.632],[44.164,0]],"o":[[0,-97.266],[-112.459,7.162],[0,118.937],[59.18,0],[-33.496,23.714],[-113.447,0]],"v":[[-140.456,-15.127],[17.926,-215.126],[-183.524,-0.222],[31.821,215.126],[183.524,152.625],[64.956,190.275]],"c":true},"ix":2},"nm":"Path 1","mn":"ADBE Vector Shape - Group","hd":false},{"ty":"fl","c":{"a":0,"k":[0.7294117647058823,0.3254901960784314,0.3411764705882353,1],"ix":4},"o":{"a":0,"k":100,"ix":5},"r":1,"bm":0,"nm":"Fill 1","mn":"ADBE Vector Graphic - Fill","hd":false},{"ty":"tr","p":{"a":0,"k":[183.774,215.377],"ix":2},"a":{"a":0,"k":[0,0],"ix":1},"s":{"a":0,"k":[100,100],"ix":3},"r":{"a":0,"k":0,"ix":6},"o":{"a":0,"k":100,"ix":7},"sk":{"a":0,"k":0,"ix":4},"sa":{"a":0,"k":0,"ix":5},"nm":"Transform"}],"nm":"Group 1","np":2,"cix":2,"bm":0,"ix":1,"mn":"ADBE Vector Group","hd":false}],"ip":0,"op":1095.99993072324,"st":0,"bm":0},{"ddd":0,"ind":4,"ty":4,"nm":"Back Outlines","sr":1,"ks":{"o":{"a":0,"k":100,"ix":11},"r":{"a":0,"k":0,"ix":10},"p":{"a":0,"k":[1042,703,0],"ix":2},"a":{"a":0,"k":[-56.214,106.661,0],"ix":1},"s":{"a":0,"k":[100,100,100],"ix":6}},"ao":0,"hasMask":true,"masksProperties":[{"inv":false,"mode":"a","pt":{"a":1,"k":[{"i":{"x":0.833,"y":0.833},"o":{"x":0.167,"y":0.167},"t":154.658,"s":[{"i":[[0,0],[0,0],[0,0],[0,0]],"o":[[0,0],[0,0],[0,0],[0,0]],"v":[[-56.214,294.662],[-56.214,321.661],[152.286,321.661],[151.786,302.661]],"c":true}]},{"t":162.999989696979,"s":[{"i":[[0,0],[0,0],[0,0],[0,0]],"o":[[0,0],[0,0],[0,0],[0,0]],"v":[[-56.214,106.662],[-56.214,321.661],[152.286,321.661],[152.286,-108.339]],"c":true}]}],"ix":1},"o":{"a":0,"k":100,"ix":3},"x":{"a":0,"k":0,"ix":4},"nm":"Mask 1"}],"shapes":[{"ty":"gr","it":[{"ind":0,"ty":"sh","ix":1,"ks":{"a":0,"k":{"i":[[0,0],[36.627,-56.667],[34.179,-13.689],[-28.813,44.58],[36.843,61.202]],"o":[[28.024,56.328],[-21.504,33.275],[48.059,-10.512],[41.391,-64.043],[0,0]],"v":[[15.083,-106.37],[4.931,75.864],[-81.169,141.595],[39.778,63.007],[42.993,-141.595]],"c":true},"ix":2},"nm":"Path 1","mn":"ADBE Vector Shape - Group","hd":false},{"ty":"fl","c":{"a":0,"k":[0.7294117647058823,0.3254901960784314,0.3411764705882353,1],"ix":4},"o":{"a":0,"k":100,"ix":5},"r":1,"bm":0,"nm":"Fill 1","mn":"ADBE Vector Graphic - Fill","hd":false},{"ty":"tr","p":{"a":0,"k":[81.419,141.846],"ix":2},"a":{"a":0,"k":[0,0],"ix":1},"s":{"a":0,"k":[100,100],"ix":3},"r":{"a":0,"k":0,"ix":6},"o":{"a":0,"k":100,"ix":7},"sk":{"a":0,"k":0,"ix":4},"sa":{"a":0,"k":0,"ix":5},"nm":"Transform"}],"nm":"Group 1","np":2,"cix":2,"bm":0,"ix":1,"mn":"ADBE Vector Group","hd":false}],"ip":0,"op":1095.99993072324,"st":0,"bm":0},{"ddd":0,"ind":6,"ty":1,"nm":"White Solid 1","sr":1,"ks":{"o":{"a":0,"k":100,"ix":11},"r":{"a":0,"k":0,"ix":10},"p":{"a":0,"k":[1050,800,0],"ix":2},"a":{"a":0,"k":[1050,800,0],"ix":1},"s":{"a":0,"k":[100,100,100],"ix":6}},"ao":0,"sw":2100,"sh":1600,"sc":"#ffffff","ip":0,"op":1095.99993072324,"st":0,"bm":0}],"markers":[]}